id,chol,stab.glu,hdl,ratio,glyhb,location,age,gender,height,weight,frame,bp.1s,bp.1d,waist,hip
1000,203,82,56,3.599999905,4.309999943,Buckingham,_46,female,62,121,medium,118,59,29,38
1001,165,97,24,6.900000095,4.440000057,Buckingham,29,female,64,218,large,112,68,46,48
1002,228,92,37,6.199999809,4.639999866,Buckingham,58,female,61,256,large,190,92,49,57
1003,78,93,12,6.5,4.630000114,Buckingham,67,male,67,119,large,110,50,33,38
1005,249,90,28,8.899999619,7.71999979,Buckingham,64,male,68,183,medium,138,80,44,41
1008,248,94,69,3.599999905,4.809999943,Buckingham,34,male,71,190,large,132,86,36,42
1011,195,92,41,4.800000191,4.840000153,Buckingham,30,male,69,191,medium,161,112,46,49
1015,227,75,44,5.199999809,3.940000057,Buckingham,37,male,59,170,medium,,,34,39
1016,177,87,49,3.599999905,4.840000153,Buckingham,_45,male,69,166,large,160,80,34,40
1022,263,89,40,6.599999905,5.78000021,Buckingham,55,female,63,202,small,108,72,45,50
1024,242,82,54,4.5,4.769999981,Louisa,60,female,65,156,medium,130,90,39,45
1029,,128,34,6.300000191,4.96999979,Louisa,38,female,58,195,medium,102,68,42,50
1030,238,75,36,6.599999905,4.46999979,Louisa,27,female,60,170,medium,130,80,35,41
1031,183,79,46,4,4.590000153,Louisa,40,female,59,165,medium,,,37,43
1035,191,76,30,6.400000095,4.670000076,Louisa,36,male,69,183,medium,100,66,36,40
1036,213,83,47,4.5,3.410000086,Louisa,33,female,65,157,medium,130,90,37,41
1037,255,78,38,6.699999809,4.329999924,Louisa,50,female,65,183,medium,130,100,37,43
1041,230,112,64,3.599999905,4.53000021,Louisa,20,male,67,159,medium,100,90,31,39
1045,194,81,36,5.400000095,5.28000021,Louisa,36,male,64,126,medium,110,76,30,34
1250,196,206,41,4.800000191,11.23999977,Buckingham,62,female,65,196,large,178,90,46,51
1252,186,97,50,3.700000048,6.489999771,Buckingham,70,male,67,178,large,148,88,42,41
1253,234,65,76,3.099999905,4.670000076,Buckingham,47,male,67,230,large,137,100,45,46
1254,203,299,43,4.699999809,12.73999977,Buckingham,38,female,69,288,large,136,83,48,55
1256,281,92,41,6.900000095,5.559999943,Buckingham,66,female,62,185,large,158,88,48,44
1271,228,66,45,5.099999905,4.610000134,Buckingham,24,female,61,113,medium,100,70,33,38
1277,179,80,92,1.899999976,4.179999828,Buckingham,41,female,72,118,small,144,112,28,36
1280,232,87,30,7.699999809,5.099999905,Buckingham,37,male,68,252,large,140,95,43,47
1281,,74,,,4.28000021,Buckingham,48,male,68,100,small,120,85,27,33
1282,254,84,52,4.900000095,4.519999981,Buckingham,43,female,62,145,medium,125,70,31,38
1285,215,72,42,5.099999905,4.369999886,Louisa,40,male,70,189,medium,180,122,37,39
1301,177,101,36,4.900000095,5.110000134,Buckingham,42,female,65,174,medium,146,94,37,40
1303,182,85,43,4.199999809,4.46999979,Buckingham,52,male,68,139,large,130,90,29,35
1304,265,330,34,7.800000191,15.52000046,Buckingham,61,male,74,191,medium,170,88,39,41
1305,182,85,37,4.900000095,5.659999847,Buckingham,61,female,69,174,medium,176,86,49,43
1309,199,87,63,3.200000048,3.670000076,Buckingham,25,male,66,118,medium,120,78,32,34
1312,183,81,60,3.099999905,4.03000021,Buckingham,47,female,66,186,medium,140,97,39,44
1313,194,86,67,2.900000095,2.680000067,Buckingham,35,male,66,159,medium,115,64,31,35
1314,190,107,32,5.900000095,3.559999943,Buckingham,46,male,72,205,medium,,,46,49
1315,173,80,57,3,6.210000038,Buckingham,57,,71,145,medium,124,64,31,36
1316,182,206,43,4.199999809,7.909999847,Buckingham,70,male,69,214,large,158,90,45,48
1317,136,81,51,2.700000048,4.579999924,Buckingham,22,female,66,160,large,105,85,35,40
1321,218,68,46,4.699999809,3.890000105,Buckingham,52,female,62,170,medium,142,79,40,43
1323,225,83,42,5.400000095,4.380000114,Buckingham,36,male,67,192,large,149,89,40,42
1326,262,84,38,6.900000095,,Buckingham,43,male,75,253,large,124,80,43,49
1500,213,76,40,5.300000191,5.960000038,Buckingham,72,female,59,137,large,130,60,40,40
1501,243,52,59,4.099999905,4.409999847,Buckingham,37,female,64,233,medium,110,82,49,57
1502,148,193,14,10.60000038,6.139999866,Buckingham,54,female,67,165,medium,140,65,42,42
2004,128,223,24,5.300000191,10.89999962,Buckingham,60,male,67,196,medium,110,68,42,43
2750,169,85,51,3.299999952,6.139999866,Buckingham,40,female,65,180,medium,106,82,40,44
2753,157,74,47,3.299999952,5.570000172,Buckingham,55,female,66,219,medium,150,82,43,52
2754,196,82,58,3.400000095,4.25,Buckingham,76,,65,154,,158,78,37,41
2756,237,87,41,5.800000191,5.349999905,Buckingham,43,female,64,181,medium,104,90,36,46
2757,212,97,45,4.699999809,6.329999924,Buckingham,65,,61,187,large,158,94,43,47
2758,233,92,39,6,4.559999943,Buckingham,45,female,64,167,large,124,86,39,44
2762,289,111,50,5.800000191,9.390000343,Buckingham,70,female,60,220,medium,126,80,51,54
2763,193,106,63,3.099999905,6.349999905,Buckingham,20,female,68,274,small,165,110,49,58
2765,204,128,61,3.299999952,5.199999809,Buckingham,62,male,68,180,large,141,81,38,41
2770,165,94,69,2.400000095,4.980000019,Buckingham,92,female,62,217,large,160,82,51,51
2773,237,233,58,4.099999905,13.69999981,Buckingham,49,female,62,189,large,130,90,43,47
2774,218,88,39,5.599999905,,Buckingham,44,female,66,191,large,138,79,40,45
2775,296,262,60,4.900000095,10.93000031,Buckingham,74,female,63,183,large,159,99,42,48
2777,178,78,59,3,5.230000019,Buckingham,36,male,70,161,medium,130,79,34,40
2778,443,185,23,19.29999924,14.31000042,Buckingham,51,female,70,235,medium,158,98,43,48
2780,145,85,29,5,3.99000001,Buckingham,38,female,,125,,,,31,35
2784,234,80,63,3.700000048,,Buckingham,31,male,70,165,medium,121,71,35,39
2785,146,77,60,2.400000095,4.269999981,Buckingham,28,female,64,126,small,120,90,28,32
2787,223,75,85,2.599999905,4.25,Buckingham,22,female,62,137,medium,120,70,28,35
2791,213,203,75,2.799999952,11.40999985,Buckingham,71,female,63,165,medium,150,80,34,42
2793,173,131,69,2.5,4.440000057,Buckingham,76,female,61,102,medium,160,60,31,33
2794,232,184,114,2,8.399999619,Buckingham,91,female,61,127,,170,82,35,38
2795,171,92,54,3.200000048,4.590000153,Buckingham,40,male,71,214,medium,138,94,41,39
3250,164,86,40,4.099999905,5.230000019,Buckingham,23,female,69,245,large,126,75,44,47
3750,170,69,64,2.700000048,4.389999866,Buckingham,20,female,64,161,medium,108,70,37,40
3751,180,84,69,2.599999905,5.199999809,Buckingham,40,female,68,264,medium,142,98,43,54
3752,204,57,74,2.799999952,6.110000134,Buckingham,52,male,75,142,small,140,90,31,35
4000,209,113,65,3.200000048,7.440000057,Buckingham,76,female,60,143,large,156,78,35,40
4500,242,108,53,4.599999905,5.46999979,Buckingham,46,female,62,183,medium,130,86,37,45
4501,134,105,42,3.200000048,4.289999962,Buckingham,48,male,70,173,large,178,120,36,40
4506,217,81,60,3.599999905,3.930000067,Buckingham,22,female,71,223,medium,120,75,46,50
4515,251,94,36,7,6.960000038,Buckingham,58,female,63,154,large,174,75,38,41
4517,217,88,40,5.400000095,4.840000153,Buckingham,34,male,73,219,medium,145,100,41,42
4750,300,103,44,6.800000191,5.179999828,Louisa,61,female,67,169,small,138,78,40,44
4751,218,87,38,5.699999809,5.519999981,Louisa,40,male,73,200,small,120,76,38,41
4753,189,96,47,4,4.380000114,Louisa,28,female,64,200,medium,136,52,38,45
4758,185,84,52,3.599999905,5.28000021,Louisa,53,female,61,145,medium,147,72,37,40
4759,206,85,46,4.5,4.820000172,Louisa,67,male,67,178,large,119,68,37,41
4760,218,182,54,4,10.55000019,Louisa,51,female,,215,large,139,69,42,53
4761,189,75,72,2.599999905,4.860000134,Louisa,49,female,62,205,medium,120,80,40,49
4763,229,95,74,3.099999905,4.860000134,Louisa,65,female,62,151,medium,125,64,37,42
4767,228,76,53,4.300000191,4.110000134,Louisa,54,male,66,170,large,121,62,36,41
4770,159,88,43,3.700000048,5.019999981,Louisa,38,male,68,169,large,138,79,34,40
4771,249,197,44,5.699999809,9.170000076,Louisa,64,female,63,159,medium,151,85,33,41
4772,170,106,42,4,5.110000134,Louisa,41,female,61,110,small,103,64,29,30
4776,174,125,44,4,5.070000172,Louisa,67,male,68,198,large,119,72,36,43
4780,204,62,70,2.900000095,4.840000153,Louisa,27,female,67,185,medium,110,90,35,44
4783,203,84,75,2.700000048,4.099999905,Louisa,21,female,63,142,medium,125,85,28,39
4786,241,86,63,3.799999952,4.789999962,Louisa,41,female,59,139,medium,112,72,29,39
4787,245,120,39,6.300000191,7.789999962,Louisa,47,female,63,156,medium,142,102,35,39
4789,143,91,37,3.900000095,5.150000095,Louisa,61,female,65,220,large,160,92,40,50
4790,224,341,33,6.800000191,10.14999962,Louisa,65,male,67,197,medium,160,80,42,43
4792,168,69,45,3.700000048,4.170000076,Louisa,28,female,63,200,large,111,65,42,46
4793,184,79,39,4.699999809,4.050000191,Louisa,41,male,69,154,large,136,96,34,39
4794,199,130,48,4.099999905,5.440000057,Louisa,37,female,61,203,large,136,84,42,51
4795,158,91,48,3.299999952,4.309999943,Louisa,50,male,71,180,medium,136,90,36,40
4796,209,176,55,3.799999952,9.770000458,Louisa,57,female,61,150,small,115,68,36,39
4801,214,111,59,3.599999905,3.890000105,Louisa,28,male,68,204,medium,130,90,40,41
4802,293,85,94,3.099999905,5.170000076,Louisa,31,female,67,200,medium,110,90,41,42
4803,227,105,44,5.199999809,5.710000038,Louisa,83,female,59,125,medium,150,90,35,40
4805,292,235,55,5.300000191,7.869999886,Buckingham,79,male,70,165,,170,90,39,41
4808,218,80,71,3.099999905,,Buckingham,68,male,70,170,large,130,73,37,42
4813,244,101,36,6.800000191,4.659999847,Buckingham,32,male,70,212,,132,90,39,44
4818,283,83,74,3.799999952,4.21999979,Louisa,26,male,72,227,large,158,104,41,44
4821,186,74,76,2.400000095,5.170000076,Louisa,36,male,69,150,small,138,82,31,38
4822,273,94,49,5.599999905,3.75999999,Louisa,53,female,64,174,medium,160,96,34,43
4823,193,77,49,3.900000095,4.309999943,Louisa,19,female,61,119,small,118,70,32,38
4825,194,80,34,5.699999809,4.610000134,Buckingham,63,male,73,175,medium,131,88,34,39
4826,231,105,61,3.799999952,,Buckingham,58,female,63,230,large,141,99,39,48
4827,217,78,48,4.5,,Buckingham,53,female,63,158,medium,139,79,33,40
4833,174,173,34,5.099999905,5.349999905,Buckingham,50,male,70,263,large,159,99,51,64
4835,225,84,82,2.700000048,4.360000134,Buckingham,41,male,71,156,small,150,80,31,40
4840,268,85,51,5.300000191,4.409999847,Louisa,48,male,70,120,small,150,105,32,35
4841,195,108,46,4.199999809,8.449999809,Louisa,59,female,67,172,small,150,102,38,43
4842,179,70,52,3.400000095,3.980000019,Louisa,34,male,72,170,medium,138,82,31,39
4843,215,119,44,3.900000095,9.760000229,Louisa,63,female,63,158,medium,160,68,34,42
10000,185,76,58,3.200000048,4.829999924,Buckingham,23,male,76,164,small,124,78,32,40
10001,132,99,34,3.900000095,4.010000229,Buckingham,21,female,65,169,large,112,62,39,43
10012,175,91,42,4.199999809,3.839999914,Louisa,23,female,65,235,medium,110,80,44,50
10014,179,81,35,5.099999905,4.949999809,Buckingham,36,female,63,125,medium,110,76,33,36
10016,228,115,61,3.700000048,6.389999866,Buckingham,71,female,63,244,large,170,92,48,51
10020,181,177,24,7.5,7.53000021,Buckingham,64,male,71,225,large,130,66,44,47
12002,160,100,36,4.400000095,4.619999886,Louisa,43,female,64,140,small,180,110,37,40
12004,188,77,45,4.199999809,4.789999962,Louisa,31,female,67,227,medium,122,70,47,53
12005,168,101,59,2.799999952,5.090000153,Louisa,44,female,64,160,small,130,88,40,43
12006,318,270,108,2.900000095,6.510000229,Louisa,60,female,65,167,medium,132,72,38,44
12501,192,,44,4.400000095,4.860000134,Buckingham,43,female,64,325,large,141,79,53,62
12502,209,87,34,6.099999905,4.409999847,Buckingham,48,female,63,121,small,111,62,32,38
12506,129,110,42,3.099999905,6.130000114,Buckingham,56,male,74,151,small,140,75,34,38
12507,160,122,41,3.900000095,6.489999771,Buckingham,55,female,67,223,medium,136,83,43,48
12509,160,196,33,4.800000191,7.510000229,Buckingham,49,male,71,266,large,150,98,49,45
12751,211,48,34,6.199999809,6.96999979,Louisa,58,male,67,177,medium,162,78,38,43
12754,262,93,43,6.099999905,4.900000095,Louisa,33,female,63,170,medium,110,68,33,46
12760,201,81,87,2.299999952,4.809999943,Buckingham,48,female,68,146,small,145,95,32,41
12761,263,82,92,2.900000095,4.579999924,Buckingham,66,female,66,121,small,104,64,31,33
12763,219,112,73,3,9.180000305,Buckingham,59,male,66,170,medium,146,92,37,40
12765,191,83,88,2.200000048,5.460000038,Buckingham,45,female,67,151,small,130,90,33,38
12766,171,,69,2.5,4.039999962,Buckingham,52,male,71,159,small,125,72,33,39
12768,219,112,73,3,5.230000019,Buckingham,76,male,64,105,medium,125,82,29,33
12769,347,197,42,8.300000191,6.340000153,Buckingham,36,male,70,277,large,140,86,51,49
12772,269,73,34,7.900000095,5.369999886,Buckingham,41,female,62,160,medium,126,90,39,41
12778,164,71,63,2.599999905,4.510000229,Buckingham,20,male,72,145,small,108,78,29,36
13250,181,255,26,7,9.579999924,Buckingham,50,male,71,320,large,140,86,56,49
13254,190,84,44,4.300000191,5.550000191,Buckingham,43,female,62,163,large,135,88,40,45
13500,255,112,34,7.5,5.599999905,Louisa,82,male,66,163,,179,89,37,43
13501,218,126,32,6.800000191,4.869999886,Louisa,35,male,69,169,medium,139,90,39,41
13503,223,90,48,4.599999905,5.599999905,Buckingham,47,female,65,232,large,120,86,46,54
13505,254,342,37,6.900000095,12.97000027,Buckingham,75,male,68,210,large,151,87,44,45
14756,236,102,36,6.599999905,5.630000114,Buckingham,62,male,76,160,large,150,80,35,39
14758,176,92,55,3.200000048,4.5,Buckingham,31,female,62,145,small,110,72,36,42
15007,158,91,31,5.099999905,5.559999943,Louisa,50,male,70,215,large,138,89,40,45
15008,,83,44,4.099999905,4.03000021,Louisa,39,female,66,255,medium,140,98,46,54
15010,151,85,48,3.099999905,4.380000114,Louisa,33,male,69,308,large,110,90,52,58
15012,115,239,36,3.200000048,13.60000038,Louisa,58,male,69,,medium,125,69,30,37
15013,271,121,40,6.800000191,4.570000172,Louisa,81,female,64,158,medium,146,76,36,43
15016,190,92,44,4.300000191,4.659999847,Louisa,27,female,65,210,medium,150,106,39,47
15017,118,95,39,3,4.710000038,Louisa,47,female,64,123,small,140,76,30,36
15250,168,82,44,3.799999952,4.400000095,Buckingham,33,female,66,118,small,98,66,29,35
15252,254,121,39,6.5,9.25,Buckingham,67,male,68,167,large,161,118,36,39
15260,193,77,45,4.300000191,4.739999771,Buckingham,42,female,75,186,medium,125,90,37,46
15264,187,84,64,2.900000095,4.400000095,Buckingham,21,female,63,158,small,138,88,39,43
15271,212,79,49,4.300000191,5.489999771,Buckingham,51,female,65,145,small,230,120,38,42
15274,170,76,60,2.799999952,3.440000057,Buckingham,27,female,63,119,small,122,86,28,37
15276,215,110,36,6,9.819999695,Louisa,51,female,67,282,medium,142,78,52,59
15277,199,85,59,3.400000095,4.960000038,Louisa,71,male,69,171,large,136,86,38,40
15278,140,385,31,4.5,11.59000015,Louisa,50,male,69,172,large,138,66,37,41
15279,216,79,46,4.699999809,4.409999847,Louisa,54,female,65,138,small,132,80,33,39
15500,204,113,35,5.800000191,4.440000057,Buckingham,59,male,73,187,medium,148,76,38,37
15501,193,248,24,8,7.139999866,Buckingham,59,female,66,189,medium,140,90,38,45
15502,267,133,34,7.900000095,8.81000042,Louisa,40,female,59,204,small,118,69,40,47
15512,201,106,53,3.799999952,5.349999905,Louisa,58,male,66,215,large,186,102,46,44
15513,204,120,44,4.599999905,4.690000057,Louisa,72,male,65,167,large,140,72,45,46
15514,246,104,62,4,7.400000095,Louisa,66,female,66,189,medium,200,94,45,46
15515,229,91,43,5.300000191,4.730000019,Louisa,23,male,72,180,small,110,78,34,41
15516,172,101,46,3.700000048,4.519999981,Louisa,42,female,65,165,small,118,68,33,45
15517,197,120,37,5.300000191,4.949999809,Louisa,43,male,71,179,medium,146,98,37,44
15518,205,79,32,6.400000095,4.210000038,Louisa,75,male,69,204,large,136,90,44,42
15519,219,106,50,4.400000095,4.559999943,Louisa,65,female,63,233,large,140,90,40,53
15520,174,90,36,4.800000191,5.349999905,Louisa,34,male,71,210,medium,142,92,37,43
15521,192,89,30,6.400000095,4.039999962,Louisa,37,male,71,195,medium,136,96,36,43
15522,206,94,44,4.699999809,5.489999771,Louisa,61,female,63,199,medium,180,96,41,47
15527,160,71,44,3.599999905,4.639999866,Louisa,36,female,64,185,medium,110,80,39,45
15529,216,109,86,2.5,4.400000095,Louisa,45,female,67,147,medium,140,102,32,38
15540,236,111,82,2.900000095,5.239999771,Louisa,68,female,61,119,small,142,96,29,37
15542,205,88,41,5,,Louisa,57,male,66,171,medium,132,82,37,40
15545,206,112,33,6.199999809,4.03000021,Louisa,41,female,62,184,small,104,80,39,44
15546,143,371,46,3.099999905,4.809999943,Louisa,68,male,67,158,small,138,82,37,43
15757,173,83,37,4.699999809,4.309999943,Buckingham,40,female,,130,small,122,76,37,38
15758,235,91,37,6.400000095,5.230000019,Buckingham,79,female,65,134,small,142,70,34,38
15760,169,95,29,5.800000191,5.21999979,Buckingham,62,male,66,251,large,118,72,50,47
15761,283,145,39,7.300000191,8.25,Buckingham,63,female,61,200,medium,190,110,44,48
15762,174,93,77,2.299999952,4.949999809,Buckingham,55,male,70,140,medium,118,86,32,33
15763,271,103,90,3,4.010000229,Buckingham,55,female,63,114,small,180,105,30,37
15766,203,94,62,3.299999952,4.670000076,Buckingham,27,female,67,209,medium,140,80,34,43
15773,188,174,24,7.800000191,6.170000076,Louisa,66,male,68,210,large,160,78,45,48
15777,293,87,120,2.400000095,4.760000229,Louisa,63,female,64,179,medium,142,80,47,45
15779,215,80,100,2.200000048,4.659999847,Louisa,78,male,65,109,small,170,88,33,34
15782,207,77,46,4.5,4.820000172,Buckingham,68,male,55,130,small,199,115,29,33
15787,179,77,72,2.5,4.96999979,Buckingham,31,male,66,145,medium,131,79,33,38
15792,202,81,55,3.700000048,5.5,Buckingham,64,female,62,167,medium,190,118,44,47
15795,211,98,40,5.300000191,3.549999952,Buckingham,40,female,68,179,small,110,76,37,43
15797,211,225,29,7.300000191,10.09000015,Buckingham,61,female,63,144,medium,190,100,40,42
15798,151,74,47,3.200000048,4.010000229,Buckingham,28,male,69,130,small,135,75,29,35
15799,171,85,61,2.799999952,5.099999905,Buckingham,34,female,63,164,medium,120,80,34,43
15800,342,251,48,7.099999905,12.67000008,Buckingham,63,female,65,201,medium,178,88,45,46
15801,179,236,63,2.799999952,12.06999969,Buckingham,55,male,75,186,medium,122,74,38,38
15802,155,58,69,2.200000048,4.170000076,Buckingham,26,male,73,174,small,110,76,30,35
15805,197,92,46,4.300000191,4.75,Buckingham,36,female,64,136,small,,,32,37
15812,200,56,51,3.900000095,3.549999952,Buckingham,40,female,62,105,small,125,64,26,33
15813,237,96,52,4.599999905,,Buckingham,45,male,69,130,small,137,74,33,35
15814,198,118,46,4.300000191,4.440000057,Buckingham,68,female,63,124,medium,130,70,32,38
15815,240,88,49,4.900000095,4.920000076,Buckingham,82,female,63,170,medium,180,86,41,46
15816,192,56,42,4.599999905,4.590000153,Buckingham,60,female,62,134,small,130,70,31,40
15818,145,84,54,2.700000048,4.730000019,Buckingham,30,female,65,165,small,102,56,33,42
15820,269,59,66,4.099999905,5.139999866,Buckingham,41,male,67,191,large,130,73,38,41
15821,240,96,57,4.199999809,5.739999771,Buckingham,54,female,65,175,medium,152,100,37,43
15827,205,83,42,4.900000095,4.869999886,Buckingham,72,female,61,180,,170,90,39,47
15828,266,82,54,4.900000095,5.409999847,Buckingham,47,male,68,142,medium,118,78,35,39
16000,188,88,51,3.700000048,5.130000114,Buckingham,50,female,61,147,large,160,66,34,41
16001,222,82,87,2.599999905,4.639999866,Buckingham,51,female,66,110,small,150,110,28,37
16003,142,155,25,5.699999809,6.960000038,Buckingham,45,male,69,204,large,165,115,40,43
16004,268,90,48,5.599999905,5.360000134,Buckingham,38,female,63,181,medium,142,100,38,46
16005,174,105,117,1.5,5.53000021,Buckingham,20,male,70,187,medium,132,86,37,41
16016,214,87,35,6.099999905,5.380000114,Buckingham,44,female,,190,large,140,75,38,44
17002,194,54,57,3.400000095,4.260000229,Louisa,63,male,70,181,large,184,76,37,42
17751,196,115,62,3.200000048,4.340000153,Louisa,50,male,67,140,medium,176,110,35,37
17752,207,187,46,4.5,8.569999695,Louisa,44,female,67,201,large,150,74,46,49
17754,204,89,56,3.599999905,5.019999981,Louisa,48,male,68,196,medium,170,96,38,42
17755,189,84,46,4.099999905,4.360000134,Louisa,41,female,63,153,medium,130,80,32,40
17756,179,77,50,3.599999905,3.329999924,Buckingham,29,male,68,170,small,122,68,38,39
17757,159,100,54,2.900000095,4.179999828,Buckingham,76,male,66,188,large,116,53,40,41
17760,260,68,60,4.300000191,4.78000021,Buckingham,69,female,59,179,large,158,98,45,48
17762,228,79,37,6.199999809,4.739999771,Buckingham,26,male,72,259,large,122,90,48,49
17765,242,74,55,4.400000095,3.970000029,Buckingham,70,female,66,200,medium,140,65,41,47
17766,227,98,66,3.400000095,6.420000076,Buckingham,25,male,71,162,medium,123,82,35,39
17767,208,122,51,4.099999905,6.480000019,Buckingham,42,female,62,141,large,118,78,33,40
17771,208,95,32,6.5,5.599999905,Buckingham,56,male,68,183,medium,131,75,36,39
17772,209,89,43,4.900000095,4.849999905,Buckingham,31,female,67,160,medium,108,58,30,44
17773,163,83,57,2.900000095,4.610000134,Buckingham,31,female,65,120,small,136,86,29,40
17776,201,100,46,4.400000095,4.099999905,Buckingham,27,female,65,145,small,121,75,32,35
17781,237,118,45,5.300000191,7.510000229,Buckingham,73,female,64,174,large,162,75,38,44
17784,176,90,34,5.199999809,4.239999771,Buckingham,32,female,63,252,medium,100,72,45,58
17790,146,79,41,3.599999905,4.760000229,Buckingham,19,female,60,135,medium,108,58,33,40
17791,231,70,110,2.099999905,3.75,Buckingham,71,female,63,155,small,150,78,33,41
17794,241,92,40,6,5.039999962,Buckingham,27,female,63,179,medium,120,75,40,42
17795,305,91,44,6.900000095,5.340000153,Buckingham,31,male,71,211,large,100,60,40,45
17800,149,77,49,3,4.5,Buckingham,20,female,62,115,small,105,82,31,37
17802,183,69,51,3.599999905,4.369999886,Buckingham,31,female,66,190,medium,125,70,41,47
17805,235,109,59,4,7.480000019,Buckingham,62,female,63,290,large,175,80,55,62
17808,244,101,39,6.300000191,4.360000134,Buckingham,44,male,71,168,medium,140,89,36,39
17813,199,153,77,2.599999905,4.739999771,Buckingham,36,female,66,255,large,118,66,47,52
17814,224,85,30,7.5,5.260000229,Buckingham,36,male,69,205,medium,150,99,37,41
17816,173,225,31,5.599999905,10.47000027,Buckingham,47,male,73,260,medium,150,98,42,47
17817,192,124,31,5.599999905,5.170000076,Buckingham,30,male,72,250,medium,142,79,43,51
17818,157,91,34,4.599999905,5.699999809,Buckingham,63,male,69,166,large,106,82,39,38
17819,172,117,56,3.099999905,3.589999914,Buckingham,48,female,63,170,medium,130,82,35,42
17828,170,67,33,5.199999809,6.420000076,Buckingham,65,male,69,182,large,140,65,42,39
17829,215,97,46,4.699999809,5.03000021,Buckingham,59,female,63,176,large,140,70,34,44
17830,214,67,47,4.599999905,4.409999847,Buckingham,37,female,64,145,medium,108,76,34,42
17834,195,171,29,6.699999809,5.679999828,Buckingham,78,male,66,172,large,130,82,40,40
17835,230,86,37,6.199999809,4.389999866,Buckingham,23,male,71,277,large,150,99,50,49
17841,206,90,38,5.400000095,4.070000172,Buckingham,38,female,69,167,medium,138,90,36,47
17846,147,86,34,4.300000191,4.619999886,Buckingham,38,male,69,205,small,130,96,39,41
17849,234,78,54,4.300000191,3.700000048,Buckingham,41,male,67,183,medium,122,96,38,40
20254,135,88,34,4,3.960000038,Buckingham,29,female,65,123,small,118,61,26,37
20258,226,68,83,2.700000048,,Buckingham,49,female,63,128,small,121,75,31,36
20260,179,75,36,5,4.75,Buckingham,23,female,65,183,medium,120,80,43,45
20261,163,69,48,3.400000095,4.309999943,Buckingham,29,female,62,99,small,125,60,30,36
20267,191,74,33,5.800000191,5.349999905,Louisa,40,male,72,270,large,136,70,45,49
20271,138,95,40,3.5,4.800000191,Louisa,38,female,60,138,small,140,90,31,39
20272,184,92,36,5.099999905,4.809999943,Louisa,40,female,63,285,large,142,98,50,60
20274,181,101,44,4.099999905,4.880000114,Louisa,29,male,68,180,medium,130,78,38,42
20275,224,98,44,5.099999905,5.050000191,Louisa,78,female,63,160,large,150,81,36,45
20278,293,115,54,5.400000095,4.869999886,Buckingham,50,male,71,170,medium,131,75,34,39
20279,147,78,42,3.5,4.670000076,Buckingham,23,female,61,185,,127,71,43,47
20288,198,92,62,3.200000048,4.429999828,Louisa,60,male,70,163,medium,126,78,36,40
20289,152,103,32,4.800000191,4.269999981,Louisa,40,female,52,187,medium,148,82,38,49
20290,277,119,62,4.5,5.03000021,Louisa,60,female,61,128,small,140,86,33,39
20292,219,105,63,3.5,4.400000095,Louisa,40,female,62,153,small,106,82,36,44
20293,182,74,44,4.099999905,4.670000076,Louisa,30,female,62,125,medium,132,80,31,39
20294,135,88,47,2.900000095,4.210000038,Louisa,21,male,69,155,small,110,68,31,39
20298,277,88,45,6.199999809,5.239999771,Louisa,63,female,64,223,medium,220,100,45,54
20306,212,82,68,3.099999905,4.610000134,Louisa,63,male,70,161,medium,180,110,37,40
20308,162,76,40,4.099999905,4.400000095,Louisa,43,male,67,216,large,100,70,41,44
20309,207,102,43,4.800000191,5.010000229,Louisa,46,female,63,179,medium,212,114,38,46
20312,255,100,34,7.5,6.059999943,Louisa,64,male,68,227,medium,134,74,44,47
20313,404,206,33,12.19999981,10.75,Louisa,56,male,69,159,medium,162,88,38,39
20314,239,97,55,4.300000191,4.690000057,Louisa,35,male,74,170,small,122,62,32,38
20315,220,95,58,3.799999952,5.630000114,Louisa,59,female,66,138,small,138,80,32,38
20318,165,76,46,3.599999905,3.690000057,Louisa,22,female,63,114,small,112,78,28,35
20325,243,74,42,5.800000191,3.849999905,Louisa,43,female,64,239,medium,128,90,48,53
20329,149,138,50,3,4.090000153,Louisa,26,female,62,174,medium,148,92,38,46
20332,178,64,52,3.400000095,4.099999905,Louisa,41,female,65,188,small,130,76,35,46
20335,190,228,57,3.299999952,9.279999733,Louisa,43,female,65,198,small,110,64,40,49
20337,226,97,70,3.200000048,3.880000114,Louisa,20,female,64,114,small,122,64,31,39
20340,132,83,40,3.299999952,5.699999809,Louisa,28,female,68,225,medium,136,86,41,52
20343,160,82,41,3.900000095,2.849999905,Louisa,30,female,63,143,medium,172,124,33,40
20346,204,173,37,5.5,13.06000042,Louisa,66,male,67,146,medium,138,78,36,48
20350,164,91,67,2.400000095,3.970000029,Louisa,20,female,70,141,small,122,86,32,39
20352,155,81,70,2.200000048,3.029999971,Louisa,32,female,65,151,small,120,68,33,40
20355,251,118,38,6.599999905,5.510000229,Louisa,38,female,64,248,medium,110,80,49,58
20361,198,86,66,3,5.679999828,Louisa,61,male,74,152,small,138,76,33,38
20365,179,90,60,3,4.199999809,Louisa,26,female,60,130,small,138,84,32,40
20367,223,88,42,5.300000191,6.440000057,Louisa,74,female,62,165,medium,250,100,41,46
20368,207,71,41,5,9.619999886,Louisa,72,male,70,180,medium,138,88,39,40
20369,244,89,92,2.700000048,4.539999962,Louisa,21,male,71,163,medium,116,76,34,39
20750,245,119,26,9.399999619,7.510000229,Louisa,36,male,66,179,large,150,92,37,42
20754,191,81,53,3.599999905,5.630000114,Louisa,42,female,61,156,medium,138,84,36,42
20761,221,120,83,2.700000048,5.769999981,Louisa,66,female,64,130,small,110,64,31,38
20762,300,65,59,5.099999905,4.559999943,Louisa,34,female,,160,small,120,60,40,47
20765,173,85,58,3,4.400000095,Buckingham,43,female,69,210,medium,130,75,44,47
20768,138,81,45,3.099999905,4.699999809,Buckingham,57,male,73,164,small,148,81,31,37
20773,203,71,78,2.599999905,2.849999905,Louisa,45,male,66,115,small,135,88,30,34
20774,260,67,46,5.699999809,5.340000153,Louisa,44,female,62,159,small,140,94,36,43
20775,166,77,68,2.400000095,4.949999809,Louisa,27,male,72,141,small,110,58,33,38
20782,180,92,34,5.300000191,3.589999914,Buckingham,63,male,69,169,small,145,72,35,39
20783,159,172,28,5.699999809,8.229999542,Buckingham,65,male,70,181,large,142,81,43,49
20784,207,75,44,4.699999809,5.059999943,Buckingham,30,male,72,180,small,118,62,35,41
20787,298,84,50,6,,Buckingham,28,male,66,209,medium,131,111,42,46
20790,203,104,36,5.599999905,,Buckingham,41,male,71,210,,140,112,37,42
21254,191,155,58,3.299999952,8.06000042,Buckingham,31,female,62,237,large,140,87,53,56
21255,231,84,91,2.5,4.900000095,Buckingham,33,male,69,163,small,140,70,35,38
21257,184,76,42,4.400000095,4.710000038,Buckingham,66,male,74,185,medium,130,75,40,41
21281,164,94,58,2.799999952,3.799999952,Buckingham,28,female,67,180,small,128,94,39,43
21284,134,101,36,3.700000048,4.670000076,Buckingham,25,female,63,245,,142,78,47,58
21298,220,60,66,3.299999952,10.97000027,Buckingham,26,male,70,150,small,136,88,33,39
21318,180,76,46,3.900000095,4.429999828,Louisa,40,female,64,146,medium,128,82,37,43
21320,216,155,30,7.199999809,5.909999847,Louisa,38,male,68,145,medium,110,60,34,37
21321,158,74,64,2.5,2.730000019,Louisa,30,female,62,142,medium,108,68,,
21322,261,101,83,3.099999905,5.119999886,Louisa,52,female,64,198,medium,152,92,42,49
21323,172,70,36,4.800000191,3.779999971,Louisa,22,female,64,148,small,90,48,35,38
21329,249,81,28,8.899999619,5.119999886,Louisa,51,female,65,200,medium,122,90,43,46
21333,189,80,40,4.699999809,3.619999886,Louisa,45,male,69,190,large,140,75,39,44
21334,225,74,36,6.300000191,4.659999847,Louisa,53,female,63,182,large,126,80,38,46
21338,193,75,49,3.900000095,5.010000229,Louisa,21,female,61,220,small,130,82,40,52
21341,219,78,67,3.299999952,3.75,Louisa,53,female,64,179,medium,135,100,39,47
21343,156,86,34,4.599999905,4.550000191,Louisa,37,female,67,212,small,122,74,48,51
21345,224,71,42,5.300000191,4.920000076,Louisa,34,female,60,165,medium,135,80,34,46
21346,181,77,46,3.900000095,4.090000153,Louisa,30,female,66,257,medium,162,108,47,55
21347,306,92,56,5.5,5.579999924,Louisa,74,male,69,184,large,140,72,39,41
21357,122,82,43,2.799999952,3.980000019,Louisa,36,female,71,183,,110,80,41,45
21359,219,130,44,5,7.21999979,Louisa,45,male,67,218,large,172,110,41,45
40251,150,80,38,3.900000095,3.970000029,Louisa,35,male,73,179,medium,138,92,32,37
40253,185,67,59,3.099999905,4.650000095,Louisa,50,female,64,228,medium,142,90,42,54
40500,226,100,65,3.5,4.829999924,Louisa,27,male,69,289,large,130,100,48,51
40501,206,83,68,3,4.880000114,Louisa,52,male,69,153,small,140,98,36,40
40502,199,81,36,5.5,4.929999828,Louisa,42,female,67,235,large,178,100,47,52
40751,239,85,63,3.799999952,5.159999847,Louisa,39,male,60,144,medium,162,90,33,42
40754,235,106,37,6.400000095,6.78000021,Louisa,73,male,65,183,large,134,78,43,46
40755,184,99,36,5.099999905,4.159999847,Louisa,28,male,67,154,small,124,94,35,38
40762,242,297,34,7.099999905,12.15999985,Louisa,53,male,69,216,large,142,96,43,45
40764,307,87,58,5.300000191,4.28000021,Louisa,49,male,67,181,small,120,80,41,42
40772,204,94,54,3.799999952,4.159999847,Louisa,55,female,66,202,small,140,90,43,47
40773,212,88,36,5.900000095,5.21999979,Louisa,37,female,64,160,small,124,82,37,45
40774,203,90,51,4,14.93999958,Louisa,60,female,59,123,medium,130,72,36,41
40775,219,173,31,7.099999905,10.15999985,Louisa,56,female,65,197,small,100,50,41,50
40784,226,279,52,4.300000191,10.06999969,Louisa,84,female,60,192,small,144,88,41,48
40785,217,75,54,4,3.660000086,Louisa,20,female,67,187,medium,110,72,40,45
40786,157,92,47,3.299999952,6.480000019,Louisa,80,male,71,212,medium,156,88,47,48
40787,235,102,42,5.599999905,4.900000095,Louisa,60,male,69,186,medium,148,98,40,42
40789,252,161,87,2.900000095,11.18000031,Louisa,80,female,62,162,small,160,100,44,41
40792,204,71,55,3.700000048,4.329999924,Louisa,29,female,64,120,small,110,70,33,38
40797,188,84,46,4.099999905,3.75,Louisa,43,female,66,152,small,122,80,37,41
40799,194,95,36,5.400000095,4.96999979,Louisa,63,female,58,210,medium,140,100,44,53
40803,215,64,84,2.599999905,4.039999962,Louisa,37,female,59,148,medium,140,100,32,42
40804,179,105,60,3,4.679999828,Louisa,20,female,58,170,medium,140,100,34,46
40805,202,84,33,6.099999905,4.170000076,Louisa,44,male,68,157,small,125,80,33,37
41000,194,87,65,3,4.139999866,Louisa,54,male,69,129,small,170,96,30,37
41001,227,85,26,8.699999809,4.980000019,Louisa,58,male,70,211,large,144,82,38,43
41003,337,85,62,5.400000095,4.659999847,Louisa,35,male,72,189,medium,124,84,36,44
41004,255,83,90,2.799999952,4.289999962,Louisa,52,male,70,120,medium,170,110,30,33
41021,162,90,46,3.5,5.559999943,Louisa,60,female,63,121,medium,110,64,32,34
41023,322,87,92,3.5,4.449999809,Louisa,43,female,56,120,,120,98,32,41
41029,289,267,38,7.599999905,11.40999985,Louisa,59,male,68,169,large,142,79,36,38
41034,217,87,40,5.400000095,4.070000172,Louisa,33,female,62,186,small,140,90,42,46
41035,209,91,36,5.800000191,5.010000229,Louisa,37,male,70,262,medium,130,94,42,48
41036,214,77,48,4.5,4.480000019,Louisa,40,male,72,222,medium,120,84,40,44
41037,302,81,57,5.300000191,4.650000095,Louisa,38,female,67,222,medium,128,82,41,51
41039,179,85,52,3.400000095,4.050000191,Louisa,32,female,62,179,medium,140,96,37,47
41041,279,270,40,7,8.109999657,Louisa,60,female,68,224,large,174,90,48,50
41055,144,81,28,5.099999905,4.130000114,Louisa,30,male,72,165,small,118,78,31,38
41063,270,73,40,6.800000191,3.579999924,Louisa,42,male,66,185,large,146,94,39,41
41065,196,120,67,2.900000095,9.369999886,Louisa,52,female,62,147,medium,144,94,34,42
41075,221,126,48,4.599999905,5.53000021,Louisa,59,female,62,177,medium,130,78,39,45
41078,210,81,81,2.599999905,4.960000038,Louisa,78,male,66,145,large,110,70,38,39
41253,192,85,69,2.799999952,4.380000114,Louisa,51,male,65,146,large,130,110,,
41254,169,104,58,2.900000095,4.820000172,Louisa,25,female,60,154,medium,140,95,40,42
41500,179,85,50,3.599999905,4.989999771,Louisa,37,male,66,136,medium,190,94,33,39
41501,216,84,64,3.400000095,,Louisa,54,female,66,168,medium,132,90,38,42
41503,301,90,118,2.599999905,4.28000021,Louisa,89,female,61,115,medium,218,90,31,41
41506,296,369,46,6.400000095,16.11000061,Louisa,53,male,69,173,medium,138,94,35,39
41507,284,89,54,5.300000191,4.389999866,Louisa,51,female,63,154,medium,140,100,32,43
41510,194,269,38,5.099999905,13.63000011,Louisa,29,female,69,167,small,120,70,33,40
41752,199,76,52,3.799999952,4.489999771,Louisa,41,female,63,197,medium,120,78,41,48
41756,159,88,79,2,,Louisa,68,female,64,220,medium,100,72,49,58